﻿<Vehicles>
	<Category name="Samochody osobowe">
		<Description>Pojazdy przeznaczone do przewozu osób.</Description>
		<SubCategory name="Toyota">
			<Description>Japoński producent samochodów.</Description>
			<ParentCompany>Toyota Motor Corporation</ParentCompany>
			<Founded>1937</Founded>
			<Countries>Japonia, USA, Kanada</Countries>
			<Elements>
				<Element>
					<Model>Corolla</Model>
					<Year>2020</Year>
					<EngineCapacity>1.8L</EngineCapacity>
					<DriveType>FWD</DriveType>
				</Element>
				<Element>
					<Model>Camry</Model>
					<Year>2019</Year>
					<EngineCapacity>2.5L</EngineCapacity>
					<DriveType>AWD</DriveType>
				</Element>
			</Elements>
		</SubCategory>
		<SubCategory name="Ford">
			<Description>Amerykański producent samochodów.</Description>
			<ParentCompany>Ford Motor Company</ParentCompany>
			<Founded>1903</Founded>
			<Countries>USA, Kanada, Meksyk</Countries>
			<Elements>
				<Element>
					<Model>Mustang</Model>
					<Year>2021</Year>
					<EngineCapacity>5.0L</EngineCapacity>
					<DriveType>RWD</DriveType>
				</Element>
				<Element>
					<Model>Fusion</Model>
					<Year>2018</Year>
					<EngineCapacity>2.0L</EngineCapacity>
					<DriveType>FWD</DriveType>
				</Element>
			</Elements>
		</SubCategory>
	</Category>
	<Category name="Ciężarówki">
		<Description>Pojazdy przeznaczone do przewozu ładunków.</Description>
		<SubCategory name="Volvo">
			<Description>Szwedzki producent samochodów ciężarowych.</Description>
			<ParentCompany>Volvo Group</ParentCompany>
			<Founded>1927</Founded>
			<Countries>Szwecja, USA</Countries>
			<Elements>
				<Element>
					<Model>FH</Model>
					<Year>2021</Year>
					<EngineCapacity>13.0L</EngineCapacity>
					<DriveType>RWD</DriveType>
				</Element>
			</Elements>
		</SubCategory>
	</Category>
</Vehicles>
